<?xml version="1.0" encoding="UTF-8"?>
<project-private xmlns="http://www.netbeans.org/ns/project-private/1">
    <editor-bookmarks xmlns="http://www.netbeans.org/ns/editor-bookmarks/2" lastBookmarkId="0"/>
    <open-files xmlns="http://www.netbeans.org/ns/projectui-open-files/2">
        <group>
            <file>file:/D:/Lokem/Documents/NetBeansProjects/IS2lab1/src/is2lab1/User.java</file>
            <file>file:/D:/Lokem/Documents/NetBeansProjects/IS2lab1/src/is2lab1/Rent.java</file>
            <file>file:/D:/Lokem/Documents/NetBeansProjects/IS2lab1/src/is2lab1/Helper.java</file>
            <file>file:/D:/Lokem/Documents/NetBeansProjects/IS2lab1/src/is2lab1/IS2lab1.java</file>
            <file>file:/D:/Lokem/Documents/NetBeansProjects/IS2lab1/src/is2lab1/Object.java</file>
        </group>
    </open-files>
</project-private>
